generator,cpu,nic,mode,ports,frame_bytes_pre_fcs,wire_bytes,rate_mpps,pct_line_rate,metric,notes
flame1,AMD Ryzen 7 5800X,ConnectX-5 Ex 100G,single-port,1,64,68,142.0,100,TX,68B wire = 100% of 142.05 Mpps line rate
flame1,AMD Ryzen 7 5800X,ConnectX-5 Ex 100G,single-port,1,60,64,147.4,99,TX,canonical 64B incl FCS; 99% of 148.8 Mpps
lava1,AMD Ryzen 9 9950X,ConnectX-7 200G@100G,single-port,1,64,68,142.0,100,TX,68B wire = 100% line rate
lava1,AMD Ryzen 9 9950X,ConnectX-7 200G@100G,single-port,1,60,64,147.4,99,TX,canonical 64B incl FCS
lava1,AMD Ryzen 9 9950X,ConnectX-7 200G@100G,dual-port-1instance,2,64,68,185.0,65,TX,one instance shares cores across both ports; stalls
lava1,AMD Ryzen 9 9950X,ConnectX-7 200G@100G,dual-port-2instance,2,64,68,278.0,98,TX,two split-core instances; ~device ceiling of the shared CX-7 packet engine
lava1,AMD Ryzen 9 9950X,ConnectX-7 200G,single-port,1,64,68,274.0,96,TX,200G peer: single-port hits the CX-7 packet-engine ceiling (~274) not the 142 100G line rate
lava1,AMD Ryzen 9 9950X,ConnectX-7 200G,single-port,1,1500,1524,16.4,100,TX,1500B at 200G = full line rate; low pps so no packet-engine cap
lava1,AMD Ryzen 9 9950X,ConnectX-7 200G,dual-port-2instance,2,1500,1524,32.8,100,TX,full 2x200G=400G wire; bandwidth-bound not packet-engine bound
lava1,AMD Ryzen 9 9950X,2x ConnectX-7 (2 cards Gen5 x8),dual-card-2instance,2,64,68,282.0,99,TX,two SEPARATE cards = two engines; each hits 100G line rate (141); flow-control OFF required
lava1,AMD Ryzen 9 9950X,2x ConnectX-7 (2 cards Gen5 x8),dual-card-2instance,2,60,64,296.1,99,TX,two cards 60B; ~148/card; 99.5% of 297.6
lava1,AMD Ryzen 9 9950X,2x ConnectX-7 (2 cards Gen5 x8),single-card,1,64,68,141.9,100,TX,single card 100G = full line rate (flow-control OFF)
lava1,AMD Ryzen 9 9950X,2x ConnectX-7 (4 ports 2 per card),quad-port-2instance-static,4,64,68,558.0,98,TX,both ports of each card (2 to server1 + 2 to Mikrotik) static packet; ~139.5/port = 2x279 engine ceiling; only 6 workers/card needed (engine-bound not CPU)
lava1,AMD Ryzen 9 9950X,2x ConnectX-7 (4 ports 2 per card),quad-port-2instance-randsrc,4,64,68,512.0,90,TX,same 4 ports with per-packet random-src field engine (DUT RSS profile); CPU-bound ~9% below static; all 14 workers/card
lava1,AMD Ryzen 9 9950X,2x ConnectX-7 (4 ports 2 per card),quad-port-2instance,4,1500,1524,32.68,100,TX,1500B all 4 ports = ~400 Gbps (8.17 Mpps/port = 100G line rate); bandwidth-bound not engine; link-capped (mult=200% unchanged); ~1 worker/port
lava1,AMD Ryzen 9 9950X,2x ConnectX-7 (4 ports 2 per card),quad-port-2instance-imix,4,354,374,131.74,100,TX,IMIX 7:4:1 of 64/570/1518 (avg 354B) all 4 ports = ~398 Gbps (32.9 Mpps/port = 100G line rate); bandwidth-bound; PROFILE=imix
alice/bob,AMD Ryzen 9 9950X,ConnectX-8 400G (Gen5 x16),single-port,1,60,64,300.0,50,TX,CX-8 packet-rate ceiling; unchanged with 10-30 TRex workers / mlx5 devargs / iommu=pt; peer delivers 268.8 to memory
alice/bob,AMD Ryzen 9 9950X,ConnectX-8 400G (Gen5 x16),dual-port-1instance,2,60,64,300.0,25,TX,150+150; same per-card ceiling; peer delivers 290.5 to memory
alice/bob,AMD Ryzen 9 9950X,ConnectX-8 400G (Gen5 x16),single-port,1,124,128,200.0,59,TX,fits Mpps x (frame+64B) = 38.4 GB/s; 2 ports same 200
alice/bob,AMD Ryzen 9 9950X,ConnectX-8 400G (Gen5 x16),single-port,1,252,256,120.0,66,TX,2 ports same 120
alice/bob,AMD Ryzen 9 9950X,ConnectX-8 400G (Gen5 x16),single-port,1,508,512,65.1,69,TX,277 Gbps L1
alice/bob,AMD Ryzen 9 9950X,ConnectX-8 400G (Gen5 x16),dual-port-1instance,2,508,512,85.9,46,TX,365 Gbps L1 total
alice/bob,AMD Ryzen 9 9950X,ConnectX-8 400G (Gen5 x16),single-port,1,1514,1518,32.2,99,TX,396 Gbps L1
alice/bob,AMD Ryzen 9 9950X,ConnectX-8 400G (Gen5 x16),dual-port-1instance,2,1514,1518,33.4,51,TX,~400-411 Gbps L1 total = ~one Gen5 x16 link
alice/bob,AMD Ryzen 9 9950X,ConnectX-8 400G (Gen5 x16),dual-port-randomised,2,64,68,180.0,16,TX,per-packet randomised attack profile; TRex CPU-bound ~180 total
alice/bob,AMD Ryzen 9 9950X,ConnectX-8 400G (Gen5 x16),single-port,1,4092,4096,10.95,90,TX,361 Gbps L1; jumbo slower than 1518B (multi-segment mbufs)
alice/bob,AMD Ryzen 9 9950X,ConnectX-8 400G (Gen5 x16),dual-port-1instance,2,4092,4096,11.63,48,TX,383 Gbps L1 total
alice/bob,AMD Ryzen 9 9950X,ConnectX-8 400G (Gen5 x16),single-port,1,8996,9000,4.63,84,TX,334 Gbps L1
alice/bob,AMD Ryzen 9 9950X,ConnectX-8 400G (Gen5 x16),dual-port-1instance,2,8996,9000,4.91,44,TX,354 Gbps L1 total; max-bandwidth peak is 1518B 2-port ~400-411 Gbps = PCIe Gen5 x16 bound
server1,AMD EPYC 7742,ConnectX-7 200G (Gen4 x16),single-port,1,60,64,258.3,87,TX,ConnectX-7 #1 alone; 16 TRex cores per port pair
server1,AMD EPYC 7742,ConnectX-7 200G (Gen4 x16),single-port,1,60,64,264.3,89,TX,ConnectX-7 #2 alone
server1,AMD EPYC 7742,ConnectX-5 Ex 100G (Gen4 x16),dual-port-1instance,2,60,64,199.7,67,TX,one card both ports ~99.8 each
server1,AMD EPYC 7742,2x ConnectX-5 Ex 100G (Gen4 x16),2-cards-1-port-each,2,60,64,297.6,100,TX,148.8 per port = line rate
server1,AMD EPYC 7742,2x ConnectX-7 200G (Gen4 x16),2-cards-1-port-each,2,60,64,447.1,75,TX,223.5 per port; 16 cores shared by the pair
server1,AMD EPYC 7742,2x ConnectX-7 + 1x ConnectX-5 Ex,4-ports-1instance,4,60,64,631.9,,TX,216+216+99.9+99.9
server1,AMD EPYC 7742,2x ConnectX-7 + 3x ConnectX-5 Ex,6-ports-1instance,6,60,64,892.5,,TX,198+198+99.9+99.9+148+148; 48 TRex cores
